{
  "openapi": "3.0.0",
  "info": {
    "title": "Task to View Bill",
    "version": "1",
    "x-amzn-alexa-access-scope": "public"
  },
  "tags": [
    {
      "name": "View Bill"
    }
  ],
  "paths": {
    "/ViewBill": {
      "summary": "View Bill",
      "description": "To start a View Bill",
      "post": {
        "requestBody": {
          "content": {
            "application/json": {
              "schema": {
                "$ref": "#/components/schemas/Input"
              }
            }
          }
        },
        "responses": {
          "200": {
            "description": "When the View bill finishes successfully",
            "content": {
              "application/json": {
                "schema": {
                  "$ref": "#/components/schemas/SuccessfulResponse"
                }
              }
            }
          },
          "400": {
            "description": "When the given parameters fail validations - e.g. lowerLimit cannot be higher than upperLimit"
          },
          "500": {
            "description": "When the View down fails"
          }
        }
      }
    }
  },
  "components": {
    "schemas": {
      "Input": {
        "type": "object",
        "properties": {
          "upperLimit": {
            "type": "number",
            "maximum": 100,
            "minimum": 1,
            "x-amzn-display-details": {
              "en-US": {
                "name": "Upper Limit",
                "description": "Input the upper limit"
              },
              "es-US": {
                "name": "Limite superior",
                "description": "Ingrese el límite superior"
              }
            }
          },
          "lowerLimit": {
            "type": "number",
            "maximum": 100,
            "minimum": 1,
            "x-amzn-display-details": {
              "en-US": {
                "name": "Lower Limit",
                "description": "Input the lower limit"
              },
              "es-US": {
                "name": "Límite inferior",
                "description": "Ingrese el límite inferior"
              }
            }
          }
        }
      },
      "SuccessfulResponse": {
        "type": "object"
      }
    }
  }
}
