{
  "manifest": {
    "apis": {
      "custom": {
        "endpoint": {
          "uri": "arn:aws:lambda:us-east-1:416262256472:function:232c9646-c20e-45b4-9855-72ae9ec17971:Release_0"
        },
        "tasks": [
          {
            "name": "ViewBill",
            "version": "1"
          }
        ],
        "regions": {
          "EU": {
            "endpoint": {
              "uri": "arn:aws:lambda:eu-west-1:416262256472:function:232c9646-c20e-45b4-9855-72ae9ec17971:Release_0"
            }
          },
          "NA": {
            "endpoint": {
              "uri": "arn:aws:lambda:us-east-1:416262256472:function:232c9646-c20e-45b4-9855-72ae9ec17971:Release_0"
            }
          },
          "FE": {
            "endpoint": {
              "uri": "arn:aws:lambda:us-west-2:416262256472:function:232c9646-c20e-45b4-9855-72ae9ec17971:Release_0"
            }
          }
        }
      }
    },
    "manifestVersion": "1.0",
    "publishingInformation": {
      "distributionCountries": [],
      "isAvailableWorldwide": true,
      "locales": {
        "en-US": {
          "description": "Sample Full Description",
          "examplePhrases": ["Alexa open hello world", "hello", "help"],
          "keywords": [],
          "name": "OpratorVertical3PSkil",
          "summary": "Sample Short Description"
        }
      },
      "testingInstructions": "Sample Testing Instructions."
    }
  }
}
